"date"	"title"	"link"	"Status"	"File"	"Notes"
"20140516"	"Rolling Code"	"http://programmingpraxis.com/2014/05/16/rolling-code/"			
"20140514"	"Three interview questions"	"http://programmingpraxis.com/2014/05/13/three-interview-questions-2/"	"S"	"solutions/20140514_three_interview_questions.ipynb"	"Multiple"
"20140509"	"Cluster"	"http://programmingpraxis.com/2014/05/09/cluster/"			
"20140506"	"Packed Ascii"	"http://programmingpraxis.com/2014/05/06/packed-ascii/"			
"20140502"	"Binary Reflected Gray Code"	"http://programmingpraxis.com/2014/05/02/binary-reflected-gray-code/"	"S"	"solutions/20140502_Binary_Reflected_Gray_Code.ipynb"	"Binary"
"20140429"	"Solovay-Strassen Primality Testing"	"http://programmingpraxis.com/2014/04/29/solovay-strassen-primality-testing/"			
"20140423"	"Assembler, Part 3"	"http://programmingpraxis.com/2014/04/23/assembler-part-3/"			
"20140418"	"Assembler, Part 2"	"http://programmingpraxis.com/2014/04/18/assembler-part-2/"			
"20140415"	"Assembler, Part 1"	"http://programmingpraxis.com/2014/04/15/assembler-part-1/"			
"20140411"	"Plotter"	"http://programmingpraxis.com/2014/04/11/plotter/"			
"20140408"	"Formatted Output"	"http://programmingpraxis.com/2014/04/08/formatted-output/"			
"20140404"	"Factoring With Bicycle Chains"	"http://programmingpraxis.com/2014/04/04/factoring-with-bicycle-chains/"			
"20140401"	"Factoring By Digital Coding"	"http://programmingpraxis.com/2014/04/01/factoring-by-digital-coding/"			
"20140328"	"Brent’s Root Finder"	"http://programmingpraxis.com/2014/03/28/brents-root-finder/"			
"20140324"	"Factoring RSA Moduli"	"http://programmingpraxis.com/2014/03/24/factoring-rsa-moduli/"			
"20140321"	"Root Finding, Again"	"http://programmingpraxis.com/2014/03/21/root-finding-again/"			
"20140318"	"Lucky Numbers"	"http://programmingpraxis.com/2014/03/18/lucky-numbers/"			
"20140314"	"Root Finding"	"http://programmingpraxis.com/2014/03/14/root-finding/"	"S"	"solutions/20140314_Root_Finding.ipynb"	"solvers"
"20140311"	"Caesar Cipher"	"http://programmingpraxis.com/2014/03/11/caesar-cipher/"			
"20140307"	"Combined N±1 Primality Prover"	"http://programmingpraxis.com/2014/03/07/combined-n1-primality-prover/"			
"20140304"	"Learn A New Language"	"http://programmingpraxis.com/2014/03/04/learn-a-new-language-3/"			
"20140228"	"Profiling"	"http://programmingpraxis.com/2014/02/28/profiling/"			
"20140225"	"Crossing Hands"	"http://programmingpraxis.com/2014/02/25/crossing-hands/"			
"20140221"	"Anagrams Within Words"	"http://programmingpraxis.com/2014/02/21/anagrams-within-words/"			
"20140218"	"Two Interview Questions"	"http://programmingpraxis.com/2014/02/18/two-interview-questions/"			
"20140214"	"Reservoir Sampling, Improved"	"http://programmingpraxis.com/2014/02/14/reservoir-sampling-improved/"			
"20140211"	"Years, Months, Days"	"http://programmingpraxis.com/2014/02/11/years-months-days/"			
"20140207"	"N+1 Primality Prover"	"http://programmingpraxis.com/2014/02/07/n1-primality-prover/"			
"20140204"	"Lucas Pseudoprimes"	"http://programmingpraxis.com/2014/02/04/lucas-pseudoprimes/"			
"20140131"	"Reservoir Sampling"	"http://programmingpraxis.com/2014/01/31/reservoir-sampling/"			
"20140128"	"Hart’s One-Line Factoring Algorithm"	"http://programmingpraxis.com/2014/01/28/harts-one-line-factoring-algorithm/"			
"20140124"	"Factoring Factorials"	"http://programmingpraxis.com/2014/01/24/factoring-factorials/"			
"20140121"	"Lucas Sequences, Revisited"	"http://programmingpraxis.com/2014/01/21/lucas-sequences-revisited/"			
"20140117"	"Shuffle Box"	"http://programmingpraxis.com/2014/01/17/shuffle-box/"			
"20140114"	"Minimum Standard Random Number Generator"	"http://programmingpraxis.com/2014/01/14/minimum-standard-random-number-generator/"			
"20140110"	"The Divisor Function Sigma"	"http://programmingpraxis.com/2014/01/10/the-divisor-function-sigma/"			
"20140107"	"Counting Zeros"	"http://programmingpraxis.com/2014/01/07/counting-zeros/"			
"20131224"	"O Tannenbaum"	"http://programmingpraxis.com/2013/12/24/o-tannenbaum/"			
"20131220"	"Requiescat In Pace"	"http://programmingpraxis.com/2013/12/20/requiescat-in-pace/"			
"20131217"	"Remove Duplicates From A List"	"http://programmingpraxis.com/2013/12/17/remove-duplicates-from-a-list/"			
"20131213"	"Modular Factorial"	"http://programmingpraxis.com/2013/12/13/modular-factorial/"			
"20131210"	"Rock Paper Scissors"	"http://programmingpraxis.com/2013/12/10/rock-paper-scissors/"			
"20131206"	"Left-Handed Words"	"http://programmingpraxis.com/2013/12/06/left-handed-words/"			
"20131203"	"Reversing Parts Of A List"	"http://programmingpraxis.com/2013/12/03/reversing-parts-of-a-list/"			
"20131129"	"I Before E"	"http://programmingpraxis.com/2013/11/29/i-before-e/"			
"20131126"	"And The Winner Is …"	"http://programmingpraxis.com/2013/11/26/and-the-winner-is/"			
"20131122"	"Fletcher’s Checksum"	"http://programmingpraxis.com/2013/11/22/fletchers-checksum/"			
"20131119"	"Modular Testing"	"http://programmingpraxis.com/2013/11/19/modular-testing/"			
"20131115"	"Twitter Puddle"	"http://programmingpraxis.com/2013/11/15/twitter-puddle/"			
"20131112"	"Minimum Hamming Distance"	"http://programmingpraxis.com/2013/11/12/minimum-hamming-distance/"			
"20131108"	"Two Stacks Make A Queue"	"http://programmingpraxis.com/2013/11/08/two-stacks-make-a-queue/"			
"20131105"	"Two Queues Make A Stack"	"http://programmingpraxis.com/2013/11/05/two-queues-make-a-stack/"			
"20131101"	"Queues"	"http://programmingpraxis.com/2013/11/01/queues/"			
"20131029"	"The 16 Game"	"http://programmingpraxis.com/2013/10/29/the-16-game/"			
"20131025"	"Pessimal Algorithms and Simplexity Analysis"	"http://programmingpraxis.com/2013/10/25/pessimal-algorithms-and-simplexity-analysis/"			
"20131022"	"David Gries’ Coffee Can Problem"	"http://programmingpraxis.com/2013/10/22/david-gries-coffee-can-problem/"			
"20131018"	"Binary Tree Traversal"	"http://programmingpraxis.com/2013/10/18/binary-tree-traversal/"			
"20131015"	"Find The Minimum Difference"	"http://programmingpraxis.com/2013/10/15/find-the-minimum-difference/"			
"20131011"	"Imperative-Style Linked Lists"	"http://programmingpraxis.com/2013/10/11/imperative-style-linked-lists/"			
"20131008"	"Functional-Style Linked Lists"	"http://programmingpraxis.com/2013/10/08/functional-style-linked-lists/"			
"20131004"	"Calculating Statistics"	"http://programmingpraxis.com/2013/10/04/calculating-statistics/"			
"20131001"	"Lucas Sequences"	"http://programmingpraxis.com/2013/10/01/lucas-sequences/"			
"20130927"	"Double-Ended Priority Queues"	"http://programmingpraxis.com/2013/09/27/double-ended-priority-queues/"			
"20130924"	"Finding Digit Strings In Powers Of Two"	"http://programmingpraxis.com/2013/09/24/finding-digit-strings-in-powers-of-two/"			
"20130920"	"McCarthy’s 91 Function"	"http://programmingpraxis.com/2013/09/20/mccarthys-91-function/"			
"20130917"	"Smallest Consecutive Four-Factor Composites"	"http://programmingpraxis.com/2013/09/17/smallest-consecutive-four-factor-composites/"			
"20130912"	"Diffie Hellman Key Exchange"	"http://programmingpraxis.com/2013/09/12/diffie-hellman-key-exchange/"			
"20130906"	"Cartesian Product"	"http://programmingpraxis.com/2013/09/06/cartesian-product/"			
"20130903"	"Yet More Bit Hacks"	"http://programmingpraxis.com/2013/09/03/yet-more-bit-hacks/"			
"20130830"	"BMI Calculator"	"http://programmingpraxis.com/2013/08/30/bmi-calculator/"			
"20130827"	"Two Sieving Problems"	"http://programmingpraxis.com/2013/08/27/two-sieving-problems/"			
"20130823"	"Three Interview Questions"	"http://programmingpraxis.com/2013/08/23/three-interview-questions/"			
"20130820"	"More Bit Hacks"	"http://programmingpraxis.com/2013/08/20/more-bit-hacks/"			
"20130816"	"Monkey Grid Puzzle"	"http://programmingpraxis.com/2013/08/16/monkey-grid-puzzle/"			
"20130813"	"Unix Paths"	"http://programmingpraxis.com/2013/08/13/unix-paths/"			
"20130809"	"Bit Hacks"	"http://programmingpraxis.com/2013/08/09/bit-hacks/"			
"20130806"	"Sophie Germain Primes"	"http://programmingpraxis.com/2013/08/06/sophie-germain-primes/"			
"20130802"	"Ordered Hash Tables"	"http://programmingpraxis.com/2013/08/02/ordered-hash-tables/"			
"20130730"	"Who Buys The Croissants?"	"http://programmingpraxis.com/2013/07/30/who-buys-the-croissants/"			
"20130726"	"Find X[i] = i In An Array"	"http://programmingpraxis.com/2013/07/26/find-xi-i-in-an-array/"			
"20130723"	"Telephone Lookup"	"http://programmingpraxis.com/2013/07/23/telephone-lookup/"			
"20130719"	"J K Rowling"	"http://programmingpraxis.com/2013/07/19/j-k-rowling/"			
"20130716"	"Vampire Numbers"	"http://programmingpraxis.com/2013/07/16/vampire-numbers/"			
"20130712"	"Dynamic Hash Tables"	"http://programmingpraxis.com/2013/07/12/dynamic-hash-tables/"			
"20130709"	"No Exercise Today"	"http://programmingpraxis.com/2013/07/09/no-exercise-today/"			
"20130705"	"Weekdays Between Two Dates"	"http://programmingpraxis.com/2013/07/05/weekdays-between-two-dates/"			
"20130702"	"Decoding Text-Speak"	"http://programmingpraxis.com/2013/07/02/decoding-text-speak/"			
"20130628"	"A Programming Puzzle"	"http://programmingpraxis.com/2013/06/28/a-programming-puzzle/"			
"20130625"	"Swap list nodes"	"http://programmingpraxis.com/2013/06/25/swap-list-nodes/"			
"20130621"	"Multiple Polynomial Quadratic Sieve"	"http://programmingpraxis.com/2013/06/21/multi-polynomial-quadratic-sieve/"			
"20130618"	"3SUM"	"http://programmingpraxis.com/2013/06/18/3sum/"			
"20130614"	"The Digits of Pi, Again"	"http://programmingpraxis.com/2013/06/14/the-digits-of-pi-again/"			
"20130611"	"Longest Substring Of Two Unique Characters"	"http://programmingpraxis.com/2013/06/11/longest-substring-of-two-unique-characters/"			
"20130607"	"Sets"	"http://programmingpraxis.com/2013/06/07/sets/"			
"20130604"	"Egyptian Fractions"	"http://programmingpraxis.com/2013/06/04/egyptian-fractions/"			
"20130531"	"The Seven Bridges of Königsberg"	"http://programmingpraxis.com/2013/05/31/the-seven-bridges-of-knigsberg/"			
"20130528"	"Modular Multiplication Without Overflow"	"http://programmingpraxis.com/2013/05/28/modular-multiplication-without-overflow/"			
"20130524"	"Coin Change, Part 3"	"http://programmingpraxis.com/2013/05/24/coin-change-part-3/"			
"20130521"	"Coin Change, Part 2"	"http://programmingpraxis.com/2013/05/21/coin-change-part-2/"			
"20130517"	"Coin Change, Part 1"	"http://programmingpraxis.com/2013/05/17/coin-change-part-1/"			
"20130514"	"Optimal Alphabetical Order"	"http://programmingpraxis.com/2013/05/14/optimal-alphabetical-order/"			
"20130510"	"MindCipher"	"http://programmingpraxis.com/2013/05/10/mindcipher/"			
"20130507"	"Three List Exercises"	"http://programmingpraxis.com/2013/05/07/three-list-exercises/"			
"20130503"	"Pairing Students"	"http://programmingpraxis.com/2013/05/03/pairing-students/"			
"20130430"	"First Unrepeated Character In A String"	"http://programmingpraxis.com/2013/04/30/first-unrepeated-character-in-a-string/"			
"20130426"	"Correct Horse Battery Staple, Improved"	"http://programmingpraxis.com/2013/04/26/correct-horse-battery-staple-improved/"			
"20130423"	"Correct Horse Battery Staple"	"http://programmingpraxis.com/2013/04/23/correct-horse-battery-staple/"			
"20130419"	"Integer Roots"	"http://programmingpraxis.com/2013/04/19/integer-roots/"			
"20130416"	"Date Formatting"	"http://programmingpraxis.com/2013/04/16/date-formatting/"			
"20130412"	"Booth’s Algorithm"	"http://programmingpraxis.com/2013/04/12/booths-algorithm/"			
"20130409"	"Cyclic Equality"	"http://programmingpraxis.com/2013/04/09/cyclic-equality/"			
"20130405"	"Last Non-Zero Digit Of A Factorial"	"http://programmingpraxis.com/2013/04/05/last-non-zero-digit-of-a-factorial/"			
"20130402"	"Quadratic Sieve With Large Primes"	"http://programmingpraxis.com/2013/04/02/quadratic-sieve-with-large-primes/"			
"20130329"	"One Million Hits"	"http://programmingpraxis.com/2013/03/29/one-million-hits/"			
"20130326"	"Google Code Jam Qualification Round Africa 2010, Revisited"	"http://programmingpraxis.com/2013/03/26/google-code-jam-qualification-round-africa-2010-revisited/"			
"20130322"	"Jumping Jack"	"http://programmingpraxis.com/2013/03/22/jumping-jack/"			
"20130319"	"Quadratic Sieve"	"http://programmingpraxis.com/2013/03/19/quadratic-sieve/"			
"20130315"	"Buffon’s Needle"	"http://programmingpraxis.com/2013/03/15/buffons-needle/"			
"20130312"	"An Array Of Two Symbols"	"http://programmingpraxis.com/2013/03/12/an-array-of-two-symbols/"			
"20130308"	"Knight Moves"	"http://programmingpraxis.com/2013/03/08/knight-moves/"			
"20130305"	"Dutch National Flag"	"http://programmingpraxis.com/2013/03/05/dutch-national-flag/"			
"20130301"	"Baillie-Wagstaff Pseudoprimality Tester"	"http://programmingpraxis.com/2013/03/01/baillie-wagstaff-pseudoprimality-tester/"			
"20130226"	"An Odd Way To Square"	"http://programmingpraxis.com/2013/02/26/an-odd-way-to-square/"			
"20130222"	"Floupia"	"http://programmingpraxis.com/2013/02/22/floupia/"			
"20130219"	"NPR Sunday Puzzle"	"http://programmingpraxis.com/2013/02/19/npr-sunday-puzzle/"			
"20130215"	"Facebook Hacker Cup 2013, Round 1, Problem 1"	"http://programmingpraxis.com/2013/02/15/facebook-hacker-cup-2013-round-1-problem-1/"			
"20130212"	"Binary Search Tree: In-Order Predecessor And Successor"	"http://programmingpraxis.com/2013/02/12/binary-search-tree-in-order-predecessor-and-successor/"			
"20130208"	"The Biggest Prime"	"http://programmingpraxis.com/2013/02/08/the-biggest-prime/"			
"20130205"	"The 147 Puzzle"	"http://programmingpraxis.com/2013/02/05/the-147-puzzle/"			
"20130201"	"Hofstadter’s Sequence"	"http://programmingpraxis.com/2013/02/01/hofstadters-sequence/"			
"20130129"	"Essay: SRFI-41 Streams"	"http://programmingpraxis.com/2013/01/29/essay-srfi-41-streams/"			
"20130125"	"Imperative Heaps"	"http://programmingpraxis.com/2013/01/25/imperative-heaps/"			
"20130122"	"Splay Heaps"	"http://programmingpraxis.com/2013/01/22/splay-heaps/"			
"20130118"	"Triangle Trilemma"	"http://programmingpraxis.com/2013/01/18/triangle-trilemma/"			
"20130115"	"Translate CSV To HTML"	"http://programmingpraxis.com/2013/01/15/translate-csv-to-html/"			
"20130111"	"Essay: Text File Databases"	"http://programmingpraxis.com/2013/01/11/essay-text-file-databases/"			
"20130108"	"Floating Point Rounding"	"http://programmingpraxis.com/2013/01/08/floating-point-rounding/"			
"20130102"	"Four Points Determine A Square"	"http://programmingpraxis.com/2013/01/02/four-points-determine-a-square/"			
"20130101"	"Happy New Year!"	"http://programmingpraxis.com/2013/01/01/happy-new-year/"			
"20121228"	"Three Wise Men"	"http://programmingpraxis.com/2012/12/28/three-wise-men/"			
"20121225"	"The Twelve Days Of Christmas"	"http://programmingpraxis.com/2012/12/25/the-twelve-days-of-christmas/"			
"20121221"	"Building Primes"	"http://programmingpraxis.com/2012/12/21/building-primes/"			
"20121218"	"Petals Around The Rose"	"http://programmingpraxis.com/2012/12/18/petals-around-the-rose/"			
"20121214"	"115132219018763992565095597973971522401"	"http://programmingpraxis.com/2012/12/14/115132219018763992565095597973971522401/"			
"20121211"	"Stepwise Program Development: A Heuristic Algorithm"	"http://programmingpraxis.com/2012/12/11/stepwise-program-development-a-heuristic-algorithm/"			
"20121207"	"Wirth Problem 15.12"	"http://programmingpraxis.com/2012/12/07/wirth-problem-15-12/"			
"20121204"	"Median Of Five"	"http://programmingpraxis.com/2012/12/04/median-of-five/"			
"20121130"	"Selection, Revisited"	"http://programmingpraxis.com/2012/11/30/selection-revisited/"			
"20121127"	"Amazon Interview Question"	"http://programmingpraxis.com/2012/11/27/amazon-interview-question/"			
"20121123"	"Tonelli-Shanks Algorithm"	"http://programmingpraxis.com/2012/11/23/tonelli-shanks-algorithm/"			
"20121120"	"List Difference"	"http://programmingpraxis.com/2012/11/20/list-difference/"			
"20121116"	"List Intersection And Union"	"http://programmingpraxis.com/2012/11/16/list-intersection-and-union/"			
"20121113"	"Frobenius Primality Test"	"http://programmingpraxis.com/2012/11/13/frobenius-primality-test/"			
"20121109"	"Taxicab Numbers"	"http://programmingpraxis.com/2012/11/09/taxicab-numbers/"			
"20121106"	"Fix Something Annoying"	"http://programmingpraxis.com/2012/11/06/fix-something-annoying/"			
"20121102"	"Gasoline Mileage Log"	"http://programmingpraxis.com/2012/11/02/gasoline-mileage-log/"			
"20121030"	"Pandigital Numbers"	"http://programmingpraxis.com/2012/10/30/pandigital-numbers/"			
"20121026"	"Pythagorean Triples"	"http://programmingpraxis.com/2012/10/26/pythagorean-triples/"			
"20121023"	"Universal Hash Function"	"http://programmingpraxis.com/2012/10/23/universal-hash-function/"			
"20121019"	"Prime Partitions"	"http://programmingpraxis.com/2012/10/19/prime-partitions/"			
"20121016"	"Version Control"	"http://programmingpraxis.com/2012/10/16/version-control/"			
"20121012"	"Birthday Paradox"	"http://programmingpraxis.com/2012/10/12/birthday-paradox/"			
"20121009"	"Two Word Games"	"http://programmingpraxis.com/2012/10/09/two-word-games/"			
"20121005"	"AKS Primality Prover, Part 2"	"http://programmingpraxis.com/2012/10/05/aks-primality-prover-part-2/"			
"20121002"	"AKS Primality Prover, Part 1"	"http://programmingpraxis.com/2012/10/02/aks-primality-prover-part-1/"			
"20120928"	"Pocklington’s N-1 Primality Prover"	"http://programmingpraxis.com/2012/09/28/pocklingtons-n-1-primality-prover/"			
"20120925"	"Essay: Programming With Prime Numbers"	"http://programmingpraxis.com/2012/09/25/essay-programming-with-prime-numbers/"			
"20120921"	"Autumn Equinox"	"http://programmingpraxis.com/2012/09/21/autumn-equinox/"			
"20120918"	"ABC Conjecture"	"http://programmingpraxis.com/2012/09/18/abc-conjecture/"			
"20120914"	"Tribonacci Numbers"	"http://programmingpraxis.com/2012/09/14/tribonacci-numbers/"			
"20120911"	"The Sum Of The First Billion Primes"	"http://programmingpraxis.com/2012/09/11/the-sum-of-the-first-billion-primes/"			
"20120907"	"The First Two Programs"	"http://programmingpraxis.com/2012/09/07/the-first-two-programs/"			
"20120904"	"Fountain Codes"	"http://programmingpraxis.com/2012/09/04/fountain-codes/"			
"20120831"	"Once In A Blue Moon"	"http://programmingpraxis.com/2012/08/31/once-in-a-blue-moon/"			
"20120828"	"Random Access Lists"	"http://programmingpraxis.com/2012/08/28/random-access-lists/"			
"20120824"	"Hash Tables With Open Addressing"	"http://programmingpraxis.com/2012/08/24/hash-tables-with-open-addressing/"			
"20120821"	"Two More Random Exercises"	"http://programmingpraxis.com/2012/08/21/two-more-random-exercises/"			
"20120817"	"Two Random Exercises"	"http://programmingpraxis.com/2012/08/17/two-random-exercises/"			
"20120814"	"4SUM"	"http://programmingpraxis.com/2012/08/14/4sum/"			
"20120810"	"Minimum Scalar Product"	"http://programmingpraxis.com/2012/08/10/minimum-scalar-product/"			
"20120807"	"Make"	"http://programmingpraxis.com/2012/08/07/make/"			
"20120803"	"SEND + MORE = MONEY, Part 2"	"http://programmingpraxis.com/2012/08/03/send-more-money-part-2/"			
"20120731"	"SEND + MORE = MONEY, Part 1"	"http://programmingpraxis.com/2012/07/31/send-more-money-part-1/"			
"20120727"	"Min Stack"	"http://programmingpraxis.com/2012/07/27/min-stack/"			
"20120724"	"Zeckendorf Representation"	"http://programmingpraxis.com/2012/07/24/zeckendorf-representation/"			
"20120720"	"Infix Expression Evaluation"	"http://programmingpraxis.com/2012/07/20/infix-expression-evaluation/"			
"20120717"	"Breshenham’s Line-Drawing Algorithm"	"http://programmingpraxis.com/2012/07/17/breshenhams-line-drawing-algorithm/"			
"20120713"	"The Evolution Of Flibs"	"http://programmingpraxis.com/2012/07/13/the-evolution-of-flibs/"			
"20120710"	"Sieving For Totients"	"http://programmingpraxis.com/2012/07/10/sieving-for-totients/"			
"20120706"	"Fractran"	"http://programmingpraxis.com/2012/07/06/fractran/"			
"20120703"	"Chopping Words"	"http://programmingpraxis.com/2012/07/03/chopping-words/"			
"20120629"	"Sliding Median"	"http://programmingpraxis.com/2012/06/29/sliding-median/"			
"20120626"	"Billboard Challenge, Part 2"	"http://programmingpraxis.com/2012/06/26/billboard-challenge-part-2/"			
"20120622"	"Billboard Challenge, Part 1"	"http://programmingpraxis.com/2012/06/22/billboard-challenge-part-1/"			
"20120619"	"Digits Of E"	"http://programmingpraxis.com/2012/06/19/digits-of-e/"			
"20120615"	"Counting Ones"	"http://programmingpraxis.com/2012/06/15/counting-ones/"			
"20120612"	"Ordered Maps"	"http://programmingpraxis.com/2012/06/12/ordered-maps/"			
"20120608"	"Cat"	"http://programmingpraxis.com/2012/06/08/cat/"			
"20120605"	"Binomial Heaps"	"http://programmingpraxis.com/2012/06/05/binomial-heaps/"			
"20120601"	"Square Roots"	"http://programmingpraxis.com/2012/06/01/square-roots/"			
"20120529"	"Streaming Median"	"http://programmingpraxis.com/2012/05/29/streaming-median/"			
"20120525"	"Ackermann’s Function"	"http://programmingpraxis.com/2012/05/25/ackermanns-function/"			
"20120522"	"Hamming Codes"	"http://programmingpraxis.com/2012/05/22/hamming-codes/"			
"20120518"	"Formatted Numeric Output"	"http://programmingpraxis.com/2012/05/18/formatted-numeric-output/"			
"20120515"	"Streaming Knapsack"	"http://programmingpraxis.com/2012/05/15/streaming-knapsack/"			
"20120511"	"Partitions"	"http://programmingpraxis.com/2012/05/11/partitions/"			
"20120508"	"Factor Tables"	"http://programmingpraxis.com/2012/05/08/factor-tables/"			
"20120504"	"Even-Odd Partition"	"http://programmingpraxis.com/2012/05/04/even-odd-partition/"			
"20120501"	"Legendre’s Symbol"	"http://programmingpraxis.com/2012/05/01/legendres-symbol/"			
"20120427"	"Trabb Pardo Knuth Algorithm"	"http://programmingpraxis.com/2012/04/27/trabb-pardo-knuth-algorithm/"			
"20120424"	"Rhyming Dictionary"	"http://programmingpraxis.com/2012/04/24/rhyming-dictionary/"			
"20120420"	"John Horton Conway’s Game Of Life"	"http://programmingpraxis.com/2012/04/20/john-horton-conways-game-of-life/"			
"20120417"	"Twin Primes"	"http://programmingpraxis.com/2012/04/17/twin-primes/"			
"20120413"	"McNugget Numbers, Revisited"	"http://programmingpraxis.com/2012/04/13/mcnugget-numbers-revisited/"			
"20120410"	"Galton"	"http://programmingpraxis.com/2012/04/10/galton/"			
"20120406"	"Voters"	"http://programmingpraxis.com/2012/04/06/voters/"			
"20120403"	"Cornacchia’s Algorithm"	"http://programmingpraxis.com/2012/04/03/cornacchias-algorithm/"			
"20120330"	"Subset Sum, Meet In The Middle"	"http://programmingpraxis.com/2012/03/30/subset-sum-meet-in-the-middle/"			
"20120327"	"Subset Sum"	"http://programmingpraxis.com/2012/03/27/subset-sum/"			
"20120323"	"Base-26 Arithmetic"	"http://programmingpraxis.com/2012/03/23/base-26-arithmetic/"			
"20120320"	"Factoring Multiple RSA Keys"	"http://programmingpraxis.com/2012/03/20/factoring-multiple-rsa-keys/"			
"20120316"	"Sum of squares of two largest of three values"	"http://programmingpraxis.com/2012/03/16/sum-of-squares-of-two-largest-of-three-values/"			
"20120313"	"Perfect Power Predicate"	"http://programmingpraxis.com/2012/03/13/perfect-power-predicate/"			
"20120309"	"Sparse Sets"	"http://programmingpraxis.com/2012/03/09/sparse-sets/"			
"20120306"	"Union Route Cipher"	"http://programmingpraxis.com/2012/03/06/union-route-cipher/"			
"20120302"	"Balanced Delimiters"	"http://programmingpraxis.com/2012/03/02/balanced-delimiters/"			
"20120228"	"Next Greater Permutation Of Digits"	"http://programmingpraxis.com/2012/02/28/next-greater-permutation-of-digits/"			
"20120224"	"Remove characters from a string"	"http://programmingpraxis.com/2012/02/24/remove-characters-from-a-string/"			
"20120221"	"Learn A New Language"	"http://programmingpraxis.com/2012/02/21/learn-a-new-language-2/"			
"20120217"	"Hailstones"	"http://programmingpraxis.com/2012/02/17/hailstones/"			
"20120214"	"Divisors"	"http://programmingpraxis.com/2012/02/14/divisors/"			
"20120210"	"Search In An Ascending Matrix"	"http://programmingpraxis.com/2012/02/10/search-in-an-ascending-matrix/"			
"20120207"	"Solar Compass"	"http://programmingpraxis.com/2012/02/07/solar-compass/"			
"20120203"	"Roman Numeral Puzzle"	"http://programmingpraxis.com/2012/02/03/roman-numeral-puzzle/"			
"20120131"	"String Rotation"	"http://programmingpraxis.com/2012/01/31/string-rotation/"			
"20120127"	"Anagram Phrases"	"http://programmingpraxis.com/2012/01/27/anagram-phrases/"			
"20120124"	"A Dozen Lines Of Code"	"http://programmingpraxis.com/2012/01/24/a-dozen-lines-of-code/"			
"20120120"	"Knights On A Keypad"	"http://programmingpraxis.com/2012/01/20/knights-on-a-keypad/"			
"20120117"	"Guess The Number"	"http://programmingpraxis.com/2012/01/17/guess-the-number/"			
"20120113"	"Excel’s XIRR Function"	"http://programmingpraxis.com/2012/01/13/excels-xirr-function/"			
"20120110"	"Thirteen Anagram"	"http://programmingpraxis.com/2012/01/10/thirteen-anagram/"			
"20120106"	"Pritchard’s Wheel Sieve"	"http://programmingpraxis.com/2012/01/06/pritchards-wheel-sieve/"			
"20120103"	"Turtle Graphics"	"http://programmingpraxis.com/2012/01/03/turtle-graphics/"			
"20111230"	"Split"	"http://programmingpraxis.com/2011/12/30/split/"			
"20111227"	"Cheating Hangman"	"http://programmingpraxis.com/2011/12/27/cheating-hangman/"			
"20111223"	"Koch’s Snowflake"	"http://programmingpraxis.com/2011/12/23/kochs-snowflake/"			
"20111220"	"Hangman"	"http://programmingpraxis.com/2011/12/20/hangman/"			
"20111216"	"Majority Voting"	"http://programmingpraxis.com/2011/12/16/majority-voting/"			
"20111213"	"Validating Telephone Numbers"	"http://programmingpraxis.com/2011/12/13/validating-telephone-numbers/"			
"20111209"	"McNugget Numbers"	"http://programmingpraxis.com/2011/12/09/mcnugget-numbers/"			
"20111206"	"Pascal’s Triangle"	"http://programmingpraxis.com/2011/12/06/pascals-triangle/"			
"20111202"	"Knight Rider"	"http://programmingpraxis.com/2011/12/02/knight-rider/"			
"20111129"	"AVL Trees, Extended"	"http://programmingpraxis.com/2011/11/29/avl-trees-extended/"			
"20111125"	"AVL Trees"	"http://programmingpraxis.com/2011/11/25/avl-trees/"			
"20111122"	"Rabin’s Cryptosystem"	"http://programmingpraxis.com/2011/11/22/rabins-cryptosystem/"			
"20111118"	"Grade School Multiplication"	"http://programmingpraxis.com/2011/11/18/grade-school-multiplication/"			
"20111115"	"Phil Harvey’s Puzzle"	"http://programmingpraxis.com/2011/11/15/phil-harveys-puzzle/"			
"20111111"	"Generators"	"http://programmingpraxis.com/2011/11/11/generators/"			
"20111108"	"Improved Standard Continuation"	"http://programmingpraxis.com/2011/11/08/improved-standard-continuation/"			
"20111104"	"Craps"	"http://programmingpraxis.com/2011/11/04/craps/"			
"20111101"	"RIP John McCarthy"	"http://programmingpraxis.com/2011/11/01/rip-john-mccarthy/"			
"20111028"	"Crypt"	"http://programmingpraxis.com/2011/10/28/crypt/"			
"20111025"	"Cksum"	"http://programmingpraxis.com/2011/10/25/cksum/"			
"20111021"	"Sum, Revisited"	"http://programmingpraxis.com/2011/10/21/sum-revisited/"			
"20111018"	"The Wall"	"http://programmingpraxis.com/2011/10/18/the-wall/"			
"20111014"	"The First N Primes"	"http://programmingpraxis.com/2011/10/14/the-first-n-primes/"			
"20111011"	"Tower Of Hanoi"	"http://programmingpraxis.com/2011/10/11/tower-of-hanoi/"			
"20111007"	"Sieve Of Sundaram"	"http://programmingpraxis.com/2011/10/07/sieve-of-sundaram/"			
"20111004"	"Brainfuck"	"http://programmingpraxis.com/2011/10/04/brainfuck/"			
"20110930"	"Logarithm Tables"	"http://programmingpraxis.com/2011/09/30/logarithm-tables/"			
"20110927"	"Statistics"	"http://programmingpraxis.com/2011/09/27/statistics/"			
"20110923"	"Array Duplicates"	"http://programmingpraxis.com/2011/09/23/array-duplicates/"			
"20110920"	"Project Euler Problem 3"	"http://programmingpraxis.com/2011/09/20/project-euler-problem-3/"			
"20110916"	"Pollard’s P-1 Factorization Algorithm, Revisited"	"http://programmingpraxis.com/2011/09/16/pollards-p-1-factorization-algorithm-revisited/"			
"20110913"	"Tetrahedral Numbers"	"http://programmingpraxis.com/2011/09/13/tetrahedral-numbers/"			
"20110909"	"Mersenne Twister"	"http://programmingpraxis.com/2011/09/09/mersenne-twister/"			
"20110906"	"Deques"	"http://programmingpraxis.com/2011/09/06/deques/"			
"20110902"	"Two String Exercises"	"http://programmingpraxis.com/2011/09/02/two-string-exercises/"			
"20110830"	"Hamming Numbers"	"http://programmingpraxis.com/2011/08/30/hamming-numbers/"			
"20110826"	"Reverse Every K Nodes Of A Linked List"	"http://programmingpraxis.com/2011/08/26/reverse-every-k-nodes-of-a-linked-list/"			
"20110823"	"Knapsack"	"http://programmingpraxis.com/2011/08/23/knapsack/"			
"20110819"	"First Non-Repeating Character"	"http://programmingpraxis.com/2011/08/19/first-non-repeating-character/"			
"20110816"	"Insert Into A Cyclic Sorted List"	"http://programmingpraxis.com/2011/08/16/insert-into-a-cyclic-sorted-list/"			
"20110812"	"Word Breaks"	"http://programmingpraxis.com/2011/08/12/word-breaks/"			
"20110809"	"Hett’s Problem 1.28"	"http://programmingpraxis.com/2011/08/09/hetts-problem-128/"			
"20110805"	"Ninety-Nine Bottles Of Beer"	"http://programmingpraxis.com/2011/08/05/ninety-nine-bottles-of-beer/"			
"20110802"	"The "	"http://programmingpraxis.com/2011/08/02/the-nth-prime/"			
"20110729"	"Approximating Pi"	"http://programmingpraxis.com/2011/07/29/approximating-pi/"			
"20110726"	"More Prime-Counting Functions"	"http://programmingpraxis.com/2011/07/26/more-prime-counting-functions/"			
"20110722"	"Counting Primes Using Legendre’s Formula"	"http://programmingpraxis.com/2011/07/22/counting-primes-using-legendres-formula/"			
"20110719"	"Sum Of Two Integers"	"http://programmingpraxis.com/2011/07/19/sum-of-two-integers/"			
"20110715"	"JSON: Writing Output"	"http://programmingpraxis.com/2011/07/15/json-writing-output/"			
"20110712"	"JSON: Parsing Input"	"http://programmingpraxis.com/2011/07/12/json-parsing-input/"			
"20110708"	"Vedic Divisibility"	"http://programmingpraxis.com/2011/07/08/vedic-divisibility/"			
"20110705"	"Big Numbers: Examples"	"http://programmingpraxis.com/2011/07/05/big-numbers-examples/"			
"20110701"	"Feet And Inches"	"http://programmingpraxis.com/2011/07/01/feet-and-inches/"			
"20110628"	"Big Numbers: Functions"	"http://programmingpraxis.com/2011/06/28/big-numbers-functions/"			
"20110624"	"Thank God It’s Friday!"	"http://programmingpraxis.com/2011/06/24/thank-god-its-friday/"			
"20110621"	"Big Numbers: Testing"	"http://programmingpraxis.com/2011/06/21/big-numbers-testing/"			
"20110617"	"Adi Shamir’s Threshold Scheme"	"http://programmingpraxis.com/2011/06/17/adi-shamirs-threshold-scheme/"			
"20110614"	"Big Numbers: Input And Output"	"http://programmingpraxis.com/2011/06/14/big-numbers-input-and-output/"			
"20110610"	"Steganography"	"http://programmingpraxis.com/2011/06/10/steganography/"			
"20110607"	"Big Numbers: Division"	"http://programmingpraxis.com/2011/06/07/big-numbers-division/"			
"20110603"	"Mersenne Primes"	"http://programmingpraxis.com/2011/06/03/mersenne-primes/"			
"20110531"	"Big Numbers: Addition, Subtraction, And Multiplication"	"http://programmingpraxis.com/2011/05/31/big-numbers-addition-subtraction-and-multiplication/"			
"20110527"	"Upside Up"	"http://programmingpraxis.com/2011/05/27/upside-up/"			
"20110524"	"Big Numbers: Getting Started"	"http://programmingpraxis.com/2011/05/24/big-numbers-getting-started/"			
"20110520"	"ISBN Validation"	"http://programmingpraxis.com/2011/05/20/isbn-validation/"			
"20110517"	"Two Bad Sorts"	"http://programmingpraxis.com/2011/05/17/two-bad-sorts/"			
"20110513"	"Dixon’s Factorization Algorithm"	"http://programmingpraxis.com/2011/05/13/dixons-factorization-algorithm/"			
"20110510"	"Comm"	"http://programmingpraxis.com/2011/05/10/comm/"			
"20110506"	"Entab And Detab"	"http://programmingpraxis.com/2011/05/06/entab-and-detab/"			
"20110503"	"Squaring The Bishop"	"http://programmingpraxis.com/2011/05/03/squaring-the-bishop/"			
"20110429"	"Rule 30 RNG"	"http://programmingpraxis.com/2011/04/29/rule-30-rng/"			
"20110426"	"Miscellanea"	"http://programmingpraxis.com/2011/04/26/miscellanea/"			
"20110422"	"Xref"	"http://programmingpraxis.com/2011/04/22/xref/"			
"20110419"	"Same Five Digits"	"http://programmingpraxis.com/2011/04/19/same-five-digits/"			
"20110415"	"Partition Numbers"	"http://programmingpraxis.com/2011/04/15/partition-numbers/"			
"20110412"	"House Of Representatives"	"http://programmingpraxis.com/2011/04/12/house-of-representatives/"			
"20110408"	"Credit Card Validation"	"http://programmingpraxis.com/2011/04/08/credit-card-validation/"			
"20110405"	"Fortune"	"http://programmingpraxis.com/2011/04/05/fortune/"			
"20110401"	"Maximum Difference In An Array"	"http://programmingpraxis.com/2011/04/01/maximum-difference-in-an-array/"			
"20110328"	"Look And Say, Revisited"	"http://programmingpraxis.com/2011/03/28/look-and-say-revisited/"			
"20110325"	"Sum"	"http://programmingpraxis.com/2011/03/25/sum/"			
"20110322"	"Two Kaprekar Exercises"	"http://programmingpraxis.com/2011/03/22/two-kaprekar-exercises/"			
"20110318"	"Loopy Loops"	"http://programmingpraxis.com/2011/03/18/loopy-loops/"			
"20110315"	"Look And Say"	"http://programmingpraxis.com/2011/03/15/look-and-say/"			
"20110311"	"Lowest Common Ancestor"	"http://programmingpraxis.com/2011/03/11/lowest-common-ancestor/"			
"20110308"	"Reverse Words"	"http://programmingpraxis.com/2011/03/08/reverse-words/"			
"20110304"	"Chutes And Ladders"	"http://programmingpraxis.com/2011/03/04/chutes-and-ladders/"			
"20110301"	"An Early LISP Program"	"http://programmingpraxis.com/2011/03/01/an-early-lisp-program/"			
"20110225"	"Sieve Of Euler"	"http://programmingpraxis.com/2011/02/25/sieve-of-euler/"			
"20110222"	"Sliding Window Minimum"	"http://programmingpraxis.com/2011/02/22/sliding-window-minimum/"			
"20110218"	"Two Factoring Games"	"http://programmingpraxis.com/2011/02/18/two-factoring-games/"			
"20110215"	"Google Code Jam Qualification Round Africa 2010"	"http://programmingpraxis.com/2011/02/15/google-code-jam-qualification-round-africa-2010/"			
"20110211"	"Sums Of Powers"	"http://programmingpraxis.com/2011/02/11/sums-of-powers/"			
"20110208"	"The First Computer Program"	"http://programmingpraxis.com/2011/02/08/the-first-computer-program/"			
"20110204"	"Excel Columns"	"http://programmingpraxis.com/2011/02/04/excel-columns/"			
"20110201"	"Cuckoo Hashing"	"http://programmingpraxis.com/2011/02/01/cuckoo-hashing/"			
"20110128"	"Population Count"	"http://programmingpraxis.com/2011/01/28/population-count/"			
"20110125"	"Rational Numbers"	"http://programmingpraxis.com/2011/01/25/rational-numbers/"			
"20110121"	"Pollard Rho, Revisited"	"http://programmingpraxis.com/2011/01/21/pollard-rho-revisited/"			
"20110118"	"Solitaire Cipher"	"http://programmingpraxis.com/2011/01/18/solitaire-cipher/"			
"20110114"	"Slots"	"http://programmingpraxis.com/2011/01/14/slots/"			
"20110111"	"Two Integrals"	"http://programmingpraxis.com/2011/01/11/two-integrals/"			
"20110107"	"Counting Primes"	"http://programmingpraxis.com/2011/01/07/counting-primes/"			
"20110104"	"Dijkstra’s Algorithm"	"http://programmingpraxis.com/2011/01/04/dijkstras-algorithm/"			
"20101231"	"Arithmetic Drill"	"http://programmingpraxis.com/2010/12/31/arithmetic-drill/"			
"20101228"	"Carmichael Numbers"	"http://programmingpraxis.com/2010/12/28/carmichael-numbers/"			
"20101224"	"Tracking Santa"	"http://programmingpraxis.com/2010/12/24/tracking-santa/"			
"20101221"	"Interval Arithmetic"	"http://programmingpraxis.com/2010/12/21/interval-arithmetic/"			
"20101217"	"Polite Numbers"	"http://programmingpraxis.com/2010/12/17/polite-numbers/"			
"20101214"	"Longest Duplicated Substring"	"http://programmingpraxis.com/2010/12/14/longest-duplicated-substring/"			
"20101210"	"Two Random Selections"	"http://programmingpraxis.com/2010/12/10/two-random-selections/"			
"20101207"	"Ullman’s Puzzle"	"http://programmingpraxis.com/2010/12/07/ullmans-puzzle/"			
"20101203"	"Maximum Sum Subsequence"	"http://programmingpraxis.com/2010/12/03/maximum-sum-subsequence/"			
"20101130"	"Form Letters"	"http://programmingpraxis.com/2010/11/30/form-letters/"			
"20101126"	"Divisors And Totatives"	"http://programmingpraxis.com/2010/11/26/divisors-and-totatives/"			
"20101123"	"String Subsets"	"http://programmingpraxis.com/2010/11/23/string-subsets/"			
"20101119"	"Topological Sort"	"http://programmingpraxis.com/2010/11/19/topological-sort/"			
"20101116"	"RSA Cryptography"	"http://programmingpraxis.com/2010/11/16/rsa-cryptography/"			
"20101112"	"Rowland’s Prime-Generating Function"	"http://programmingpraxis.com/2010/11/12/rowlands-prime-generating-function/"			
"20101109"	"Subset Sums"	"http://programmingpraxis.com/2010/11/09/subset-sums/"			
"20101105"	"Weather Forecast"	"http://programmingpraxis.com/2010/11/05/weather-forecast/"			
"20101102"	"Emirps"	"http://programmingpraxis.com/2010/11/02/emirps/"			
"20101029"	"Fibonacci Primes"	"http://programmingpraxis.com/2010/10/29/fibonacci-primes/"			
"20101026"	"Benford’s Law"	"http://programmingpraxis.com/2010/10/26/benfords-law/"			
"20101022"	"Text File Databases: Part 2"	"http://programmingpraxis.com/2010/10/22/text-file-databases-part-2/"			
"20101019"	"Text File Databases: Part 1"	"http://programmingpraxis.com/2010/10/19/text-file-databases-part-1/"			
"20101015"	"Find The Longest Palindrome In A String"	"http://programmingpraxis.com/2010/10/15/find-the-longest-palindrome-in-a-string/"			
"20101012"	"Rotate An Array"	"http://programmingpraxis.com/2010/10/12/rotate-an-array/"			
"20101008"	"Zeller’s Congruence"	"http://programmingpraxis.com/2010/10/08/zellers-congruence/"			
"20101005"	"George Marsaglia’s Random Number Generators"	"http://programmingpraxis.com/2010/10/05/george-marsaglias-random-number-generators/"			
"20101001"	"Oban Numbers"	"http://programmingpraxis.com/2010/10/01/oban-numbers/"			
"20100928"	"Maxiphobic Heaps"	"http://programmingpraxis.com/2010/09/28/maxiphobic-heaps/"			
"20100924"	"Alien Numbers"	"http://programmingpraxis.com/2010/09/24/alien-numbers/"			
"20100921"	"Kaprekar Numbers"	"http://programmingpraxis.com/2010/09/21/kaprekar-numbers/"			
"20100917"	"The Factorization Of F7: Part 2"	"http://programmingpraxis.com/2010/09/17/the-factorization-of-f7-part-2/"			
"20100914"	"The Factorization Of F7: Part 1"	"http://programmingpraxis.com/2010/09/14/the-factorization-of-f7-part-1/"			
"20100910"	"Data Encryption Standard: Part 4"	"http://programmingpraxis.com/2010/09/10/data-encryption-standard-part-4/"			
"20100907"	"Data Encryption Standard: Part 3"	"http://programmingpraxis.com/2010/09/07/data-encryption-standard-part-3/"			
"20100903"	"Data Encryption Standard: Part 2"	"http://programmingpraxis.com/2010/09/03/data-encryption-standard-part-2/"			
"20100831"	"Data Encryption Standard: Part 1"	"http://programmingpraxis.com/2010/08/31/data-encryption-standard-part-1/"			
"20100827"	"Chinese Remainders"	"http://programmingpraxis.com/2010/08/27/chinese-remainders/"			
"20100824"	"Daniel Shanks’ Square Form Factorization Algorithm"	"http://programmingpraxis.com/2010/08/24/daniel-shanks-square-form-factorization-algorithm/"			
"20100820"	"Marriage Sort"	"http://programmingpraxis.com/2010/08/20/marriage-sort/"			
"20100817"	"Cut"	"http://programmingpraxis.com/2010/08/17/cut/"			
"20100813"	"E"	"http://programmingpraxis.com/2010/08/13/e/"			
"20100810"	"Literate Programming"	"http://programmingpraxis.com/2010/08/10/literate-programming/"			
"20100806"	"Two Powering Predicates"	"http://programmingpraxis.com/2010/08/06/two-powering-predicates/"			
"20100803"	"Carl Hewitt’s Same-Fringe Problem"	"http://programmingpraxis.com/2010/08/03/carl-hewitts-same-fringe-problem/"			
"20100730"	"Fibonacci Numbers"	"http://programmingpraxis.com/2010/07/30/fibonacci-numbers/"			
"20100727"	"HAMURABI.BAS"	"http://programmingpraxis.com/2010/07/27/hamurabi-bas/"			
"20100723"	"Happy Numbers"	"http://programmingpraxis.com/2010/07/23/happy-numbers/"			
"20100720"	"Solving Systems Of Linear Equations"	"http://programmingpraxis.com/2010/07/20/solving-systems-of-linear-equations/"			
"20100716"	"Contents: Themes"	"http://programmingpraxis.com/2010/07/16/contents-themes/"			
"20100713"	"Word Cube"	"http://programmingpraxis.com/2010/07/13/word-cube/"			
"20100709"	"Contents: Permuted Table Of Contents"	"http://programmingpraxis.com/2010/07/09/contents-permuted-table-of-contents/"			
"20100706"	"Chaocipher"	"http://programmingpraxis.com/2010/07/06/chaocipher/"			
"20100702"	"Contents: Chronological Listing Of Exercises"	"http://programmingpraxis.com/2010/07/02/contents-chronological-listing-of-exercises/"			
"20100629"	"World Cup Prognostication"	"http://programmingpraxis.com/2010/06/29/world-cup-prognostication/"			
"20100625"	"Learn A New Language"	"http://programmingpraxis.com/2010/06/25/learn-a-new-language/"			
"20100622"	"Matrix Operations"	"http://programmingpraxis.com/2010/06/22/matrix-operations/"			
"20100618"	"Parsing Command-Line Arguments"	"http://programmingpraxis.com/2010/06/18/parsing-command-line-arguments/"			
"20100615"	"Natural Join"	"http://programmingpraxis.com/2010/06/15/natural-join/"			
"20100611"	"N-Queens"	"http://programmingpraxis.com/2010/06/11/n-queens/"			
"20100608"	"Diff"	"http://programmingpraxis.com/2010/06/08/diff/"			
"20100604"	"Williams’ "	"http://programmingpraxis.com/2010/06/04/williams-p1-factorization-algorithm/"			
"20100601"	"Unwrapping A Spiral"	"http://programmingpraxis.com/2010/06/01/unwrapping-a-spiral/"			
"20100528"	"Printing Files"	"http://programmingpraxis.com/2010/05/28/printing-files/"			
"20100525"	"GB_FLIP"	"http://programmingpraxis.com/2010/05/25/gb_flip/"			
"20100512"	"Back Home"	"http://programmingpraxis.com/2010/05/12/back-home/"			
"20100509"	"Taking A Break"	"http://programmingpraxis.com/2010/05/09/taking-a-break/"			
"20100507"	"Integer Logarithms"	"http://programmingpraxis.com/2010/05/07/integer-logarithms/"			
"20100504"	"Spectacular Seven"	"http://programmingpraxis.com/2010/05/04/spectacular-seven/"			
"20100430"	"Integer Factorization"	"http://programmingpraxis.com/2010/04/30/integer-factorization/"			
"20100427"	"Modern Elliptic Curve Factorization, Part 2"	"http://programmingpraxis.com/2010/04/27/modern-elliptic-curve-factorization-part-2/"			
"20100423"	"Modern Elliptic Curve Factorization, Part 1"	"http://programmingpraxis.com/2010/04/23/modern-elliptic-curve-factorization-part-1/"			
"20100420"	"145 Puzzle"	"http://programmingpraxis.com/2010/04/20/145-puzzle/"			
"20100416"	"Expression Evaluation"	"http://programmingpraxis.com/2010/04/16/expression-evaluation/"			
"20100413"	"Traveling Salesman: Minimum Spanning Tree"	"http://programmingpraxis.com/2010/04/13/traveling-salesman-minimum-spanning-tree/"			
"20100409"	"Minimum Spanning Tree: Prim’s Algorithm"	"http://programmingpraxis.com/2010/04/09/minimum-spanning-tree-prims-algorithm/"			
"20100406"	"Minimum Spanning Tree: Kruskal’s Algorithm"	"http://programmingpraxis.com/2010/04/06/minimum-spanning-tree-kruskals-algorithm/"			
"20100402"	"Disjoint Sets"	"http://programmingpraxis.com/2010/04/02/disjoint-sets/"			
"20100330"	"Passover"	"http://programmingpraxis.com/2010/03/30/passover/"			
"20100326"	"The Next Prime"	"http://programmingpraxis.com/2010/03/26/the-next-prime/"			
"20100323"	"Texas Hold ‘Em"	"http://programmingpraxis.com/2010/03/23/texas-hold-em/"			
"20100319"	"Extending Pollard’s P-1 Factorization Algorithm"	"http://programmingpraxis.com/2010/03/19/extending-pollards-p-1-factorization-algorithm/"			
"20100316"	"Traveling Salesman: Nearest Neighbor"	"http://programmingpraxis.com/2010/03/16/traveling-salesman-nearest-neighbor/"			
"20100312"	"Traveling Salesman: Brute Force"	"http://programmingpraxis.com/2010/03/12/traveling-salesman-brute-force/"			
"20100309"	"Lexicographic Permutations"	"http://programmingpraxis.com/2010/03/09/lexicographic-permutations/"			
"20100305"	"Binary Search Tree"	"http://programmingpraxis.com/2010/03/05/binary-search-tree/"			
"20100302"	"Goldbach’s Conjecture"	"http://programmingpraxis.com/2010/03/02/goldbachs-conjecture/"			
"20100226"	"Run Length Encoding"	"http://programmingpraxis.com/2010/02/26/run-length-encoding/"			
"20100223"	"Engineering A Sort Function"	"http://programmingpraxis.com/2010/02/23/engineering-a-sort-function/"			
"20100219"	"Sieve Of Atkin, Improved"	"http://programmingpraxis.com/2010/02/19/sieve-of-atkin-improved/"			
"20100216"	"Soundex"	"http://programmingpraxis.com/2010/02/16/soundex/"			
"20100212"	"Sieve Of Atkin"	"http://programmingpraxis.com/2010/02/12/sieve-of-atkin/"			
"20100209"	"Numerical Integration"	"http://programmingpraxis.com/2010/02/09/numerical-integration/"			
"20100205"	"Segmented Sieve Of Eratosthenes"	"http://programmingpraxis.com/2010/02/05/segmented-sieve-of-eratosthenes/"			
"20100202"	"Proving Primality"	"http://programmingpraxis.com/2010/02/02/proving-primality/"			
"20100129"	"Straddling Checkerboard"	"http://programmingpraxis.com/2010/01/29/straddling-checkerboard/"			
"20100126"	"Primality Checking, Revisited"	"http://programmingpraxis.com/2010/01/26/primality-checking-revisited/"			
"20100122"	"Phases Of The Moon"	"http://programmingpraxis.com/2010/01/22/phases-of-the-moon/"			
"20100119"	"Flight Planning"	"http://programmingpraxis.com/2010/01/19/flight-planning/"			
"20100115"	"Three Binary Algorithms"	"http://programmingpraxis.com/2010/01/15/three-binary-algorithms/"			
"20100112"	"Calculating Sines"	"http://programmingpraxis.com/2010/01/12/calculating-sines/"			
"20100108"	"Nim"	"http://programmingpraxis.com/2010/01/08/nim/"			
"20100105"	"The Sum Of Two Squares"	"http://programmingpraxis.com/2010/01/05/the-sum-of-two-squares/"			
"20100101"	"Cal"	"http://programmingpraxis.com/2010/01/01/cal-2/"			
"20091229"	"A Statisticle Speling Korrecter"	"http://programmingpraxis.com/2009/12/29/a-statisticle-speling-korrecter/"			
"20091225"	"Merry Christmas"	"http://programmingpraxis.com/2009/12/25/merry-christmas/"			
"20091222"	"Permuted Index"	"http://programmingpraxis.com/2009/12/22/permuted-index/"			
"20091218"	"Calculating Logarithms"	"http://programmingpraxis.com/2009/12/18/calculating-logarithms/"			
"20091215"	"Affine-Shift Cipher"	"http://programmingpraxis.com/2009/12/15/affine-shift-cipher/"			
"20091211"	"Selection"	"http://programmingpraxis.com/2009/12/11/selection/"			
"20091208"	"Word Count"	"http://programmingpraxis.com/2009/12/08/word-count/"			
"20091204"	"Autokey"	"http://programmingpraxis.com/2009/12/04/autokey/"			
"20091201"	"Wolves And Rabbits"	"http://programmingpraxis.com/2009/12/01/wolves-and-rabbits/"			
"20091127"	"$7.11"	"http://programmingpraxis.com/2009/11/27/7-11/"			
"20091124"	"Sunrise, Sunset"	"http://programmingpraxis.com/2009/11/24/sunrise-sunset/"			
"20091120"	"Master Mind, Part 2"	"http://programmingpraxis.com/2009/11/20/master-mind-part-2/"			
"20091117"	"Master Mind, Part 1"	"http://programmingpraxis.com/2009/11/17/master-mind-part-1/"			
"20091113"	"Two Linear Sorts"	"http://programmingpraxis.com/2009/11/13/two-linear-sorts/"			
"20091110"	"Merge Sort"	"http://programmingpraxis.com/2009/11/10/merge-sort/"			
"20091106"	"Heap Sort"	"http://programmingpraxis.com/2009/11/06/heap-sort/"			
"20091103"	"Quick Sort"	"http://programmingpraxis.com/2009/11/03/quick-sort/"			
"20091030"	"Two Sub-Quadratic Sorts"	"http://programmingpraxis.com/2009/10/30/two-sub-quadratic-sorts/"			
"20091027"	"Three Quadratic Sorts"	"http://programmingpraxis.com/2009/10/27/three-quadratic-sorts/"			
"20091023"	"Mr. S. and Mr. P."	"http://programmingpraxis.com/2009/10/23/mr-s-and-mr-p/"			
"20091020"	"Shuffle"	"http://programmingpraxis.com/2009/10/20/shuffle/"			
"20091016"	"Growable Arrays"	"http://programmingpraxis.com/2009/10/16/growable-arrays/"			
"20091013"	"Bifid Cipher"	"http://programmingpraxis.com/2009/10/13/bifid-cipher/"			
"20091009"	"Calculating Pi"	"http://programmingpraxis.com/2009/10/09/calculating-pi/"			
"20091006"	"MapReduce"	"http://programmingpraxis.com/2009/10/06/mapreduce/"			
"20091002"	"Red-Black Trees"	"http://programmingpraxis.com/2009/10/02/red-black-trees/"			
"20090929"	"Green Eyes"	"http://programmingpraxis.com/2009/09/29/green-eyes/"			
"20090925"	"Grep"	"http://programmingpraxis.com/2009/09/25/grep/"			
"20090922"	"Regular Expressions, Part 3"	"http://programmingpraxis.com/2009/09/22/regular-expressions-part-3/"			
"20090918"	"Regular Expressions, Part 2"	"http://programmingpraxis.com/2009/09/18/regular-expressions-part-2/"			
"20090915"	"Regular Expressions, Part 1"	"http://programmingpraxis.com/2009/09/15/regular-expressions-part-1/"			
"20090911"	"Beautiful Code"	"http://programmingpraxis.com/2009/09/11/beautiful-code/"			
"20090908"	"Porter Stemming"	"http://programmingpraxis.com/2009/09/08/porter-stemming/"			
"20090904"	"Ron’s Cipher #4"	"http://programmingpraxis.com/2009/09/04/rons-cipher-4/"			
"20090901"	"String Search: Rabin-Karp"	"http://programmingpraxis.com/2009/09/01/string-search-rabin-karp/"			
"20090828"	"String Search: Boyer-Moore"	"http://programmingpraxis.com/2009/08/28/string-search-boyer-moore/"			
"20090825"	"String Search: Knuth-Morris-Pratt"	"http://programmingpraxis.com/2009/08/25/string-search-knuth-morris-pratt/"			
"20090821"	"String Search: Brute Force"	"http://programmingpraxis.com/2009/08/21/string-search-brute-force/"			
"20090818"	"Blum Blum Shub"	"http://programmingpraxis.com/2009/08/18/blum-blum-shub/"			
"20090814"	"Pairing Heaps"	"http://programmingpraxis.com/2009/08/14/pairing-heaps/"			
"20090814"	"Update: The Daily WTF"	"http://programmingpraxis.com/2009/08/14/update-the-daily-wtf/"			
"20090813"	"The Daily WTF maliciously infringes Programming Praxis trademark"	"http://programmingpraxis.com/2009/08/13/the-daily-wtf-maliciously-infringes-programming-praxis-trademark/"			
"20090811"	"Uncle Bob’s Bowling Game Kata"	"http://programmingpraxis.com/2009/08/11/uncle-bobs-bowling-game-kata/"			
"20090807"	"ADFGX"	"http://programmingpraxis.com/2009/08/07/adfgx/"			
"20090804"	"Lenstra’s Algorithm"	"http://programmingpraxis.com/2009/08/04/lenstras-algorithm/"			
"20090731"	"Elliptic Curve Factorization"	"http://programmingpraxis.com/2009/07/31/elliptic-curve-factorization/"			
"20090728"	"Elliptic Curves"	"http://programmingpraxis.com/2009/07/28/elliptic-curves/"			
"20090724"	"Let’s Make A Deal!"	"http://programmingpraxis.com/2009/07/24/lets-make-a-deal/"			
"20090721"	"Pollard’s P-1 Factorization Algorithm"	"http://programmingpraxis.com/2009/07/21/pollards-p-1-factorization-algorithm/"			
"20090717"	"International Mathematical Olympiad"	"http://programmingpraxis.com/2009/07/17/international-mathematical-olympiad/"			
"20090714"	"The Daily Cryptogram"	"http://programmingpraxis.com/2009/07/14/the-daily-cryptogram/"			
"20090712"	"A Golden Exercise"	"http://programmingpraxis.com/2009/07/12/a-golden-exercise/"			
"20090710"	"The Golden Ratio"	"http://programmingpraxis.com/2009/07/10/the-golden-ratio/"			
"20090707"	"Modular Arithmetic"	"http://programmingpraxis.com/2009/07/07/modular-arithmetic/"			
"20090703"	"The Playfair Cipher"	"http://programmingpraxis.com/2009/07/03/the-playfair-cipher/"			
"20090630"	"Steve Yegge’s Phone-Screen Coding Exercises"	"http://programmingpraxis.com/2009/06/30/steve-yegges-phone-screen-coding-exercises/"			
"20090626"	"Treaps"	"http://programmingpraxis.com/2009/06/26/treaps/"			
"20090623"	"The Mod Out System"	"http://programmingpraxis.com/2009/06/23/the-mod-out-system/"			
"20090619"	"Monte Carlo Factorization"	"http://programmingpraxis.com/2009/06/19/monte-carlo-factorization/"			
"20090617"	"We’re moving and changing!"	"http://programmingpraxis.com/2009/06/17/were-moving-and-changing/"			
"20090616"	"Who Owns The Zebra?"	"http://programmingpraxis.com/2009/06/16/who-owns-the-zebra/"			
"20090612"	"Feynman’s Puzzle"	"http://programmingpraxis.com/2009/06/12/feynmans-puzzle/"			
"20090609"	"Longest Common Subsequence"	"http://programmingpraxis.com/2009/06/09/longest-common-subsequence/"			
"20090605"	"Ternary Search Tries"	"http://programmingpraxis.com/2009/06/05/ternary-search-tries/"			
"20090602"	"Pig Latin"	"http://programmingpraxis.com/2009/06/02/pig-latin/"			
"20090529"	"Double Transposition Cipher"	"http://programmingpraxis.com/2009/05/29/double-transposition-cipher/"			
"20090526"	"Word Search Solver"	"http://programmingpraxis.com/2009/05/26/word-search-solver/"			
"20090522"	"The Next Palindrome"	"http://programmingpraxis.com/2009/05/22/the-next-palindrome/"			
"20090519"	"Fermat’s Method"	"http://programmingpraxis.com/2009/05/19/fermats-method/"			
"20090515"	"Cellular Automata"	"http://programmingpraxis.com/2009/05/15/cellular-automata/"			
"20090512"	"Loan Amortization"	"http://programmingpraxis.com/2009/05/12/loan-amortization/"			
"20090508"	"Wheel Factorization"	"http://programmingpraxis.com/2009/05/08/wheel-factorization/"			
"20090505"	"Priority Queues"	"http://programmingpraxis.com/2009/05/05/priority-queues/"			
"20090501"	"Primality Checking"	"http://programmingpraxis.com/2009/05/01/primality-checking/"			
"20090428"	"Morse Code"	"http://programmingpraxis.com/2009/04/28/morse-code/"			
"20090424"	"Word Hy-phen-a-tion By Com-pu-ter"	"http://programmingpraxis.com/2009/04/24/word-hy-phen-a-tion-by-com-pu-ter/"			
"20090421"	"Probabilistic Spell Checking"	"http://programmingpraxis.com/2009/04/21/probabilistic-spell-checking/"			
"20090417"	"Spell Checking"	"http://programmingpraxis.com/2009/04/17/spell-checking/"			
"20090414"	"Google Treasure Hunt 2008 Puzzle 4"	"http://programmingpraxis.com/2009/04/14/google-treasure-hunt-2008-puzzle-4/"			
"20090410"	"Anagrams"	"http://programmingpraxis.com/2009/04/10/anagrams/"			
"20090407"	"Flipping Pancakes"	"http://programmingpraxis.com/2009/04/07/flipping-pancakes/"			
"20090403"	"Programming the Turing Machine"	"http://programmingpraxis.com/2009/04/03/programming-the-turing-machine/"			
"20090331"	"Rail-Fence Cipher"	"http://programmingpraxis.com/2009/03/31/rail-fence-cipher/"			
"20090327"	"A Turing Machine Simulator"	"http://programmingpraxis.com/2009/03/27/a-turing-machine-simulator/"			
"20090323"	"Binary Search"	"http://programmingpraxis.com/2009/03/23/binary-search/"			
"20090320"	"Dodgson’s Doublets"	"http://programmingpraxis.com/2009/03/20/dodgsons-doublets/"			
"20090317"	"Comma-Separated Values"	"http://programmingpraxis.com/2009/03/17/comma-separated-values/"			
"20090313"	"Friday, the Thirteenth"	"http://programmingpraxis.com/2009/03/13/friday-the-thirteenth/"			
"20090310"	"Word Frequencies"	"http://programmingpraxis.com/2009/03/10/word-frequencies/"			
"20090306"	"Roman Numerals"	"http://programmingpraxis.com/2009/03/06/roman-numerals/"			
"20090303"	"Creation"	"http://programmingpraxis.com/2009/03/03/creation/"			
"20090227"	"Mark V. Shaney"	"http://programmingpraxis.com/2009/02/27/mark-v-shaney/"			
"20090224"	"Mardi Gras"	"http://programmingpraxis.com/2009/02/24/mardi-gras/"			
"20090220"	"A Self-Reproducing Program"	"http://programmingpraxis.com/2009/02/20/a-self-reproducing-program/"			
"20090220"	"The Digits of Pi"	"http://programmingpraxis.com/2009/02/20/the-digits-of-pi/"			
"20090220"	"Multiple Dwellings"	"http://programmingpraxis.com/2009/02/20/multiple-dwellings/"			
"20090220"	"ROT13"	"http://programmingpraxis.com/2009/02/20/rot13/"			
"20090219"	"Flavius Josephus"	"http://programmingpraxis.com/2009/02/19/flavius-josephus/"			
"20090219"	"Sudoku"	"http://programmingpraxis.com/2009/02/19/sudoku/"			
"20090219"	"Bingo"	"http://programmingpraxis.com/2009/02/19/bingo/"			
"20090219"	"Sieve of Eratosthenes"	"http://programmingpraxis.com/2009/02/19/sieve-of-eratosthenes/"	"S"	"solutions/20090219_Sieve_of_Eratosthenes.ipynb"	"Primes"
